품목코드,품목명,카테고리,규격,매입단가,판매단가,거래횟수,사용여부
,"3D 절단석 @ 4""*16MM",,,450.0,500.0,0,Y
,"3D 절단석 @ 5""*16MM",,,0.0,0.0,0,Y
,"3D골드 절단석 @ 4""*16MM",,,400.0,700.0,0,Y
,"3D골드 절단석 @ 5""*16MM",,,500.0,900.0,0,Y
,"3M DISC 982C #36 @ 4""",,,0.0,0.0,0,Y
,"3M DISC CNS XT(PRO) @ 4""",,,3300.0,3500.0,0,Y
,"3M DISC S/C A-CRS(M10홀더) @ 4""",,,0.0,0.0,0,Y
,"3M DISC S/C A-VFN(M10홀더) @ 4""",,,0.0,0.0,0,Y
,"3M DISC S/C LGB HD A-CRS @ 4""",,,0.0,0.0,0,Y
,"3M DISC S/C LGB SD A-CRS @ 4""",,,0.0,0.0,0,Y
,"3M DISC 베벨 BL #120 @ 4""",,,6500.0,6500.0,0,Y
,"3M DISC 베벨 BR #180 @ 4""",,,3750.0,3850.0,0,Y
,"3M DISC 베벨 GR #400 @ 4""",,,3900.0,3850.0,0,Y
,"3M DISC 베벨 RD #320 @ 4""",,,3750.0,3850.0,0,Y
,"3M DISC 양모 @ 4""",,,3750.0,3800.0,0,Y
,"3M DISC 패드 982C @ 4""",,,0.0,0.0,0,Y
,"3M DISC 플랩 769F #40 @ 4""",,,0.0,1700.0,0,Y
,"3M DISC 플랩 769F #60 @ 4""",,,0.0,0.0,0,Y
,"3M DISC 플랩 769F #80 @ 4""",,,0.0,0.0,0,Y
,"3M FLOOR PAD #5100(적색) @ 18""",,,0.0,0.0,0,Y
,"3M FLOOR PAD #7200(흑색) @ 18""",,,0.0,0.0,0,Y
,3M MRO 기계세정제 @ 420ML,,,0.0,0.0,0,Y
,3M MRO 레몬세정제 @ 420ML,,,0.0,0.0,0,Y
,3M MRO 방청유 K-70 @ 230G,,,1950.0,1950.0,0,Y
,3M MRO 방청유 PL-5 @ 360ML,,,0.0,0.0,0,Y
,3M MRO 스프레이 #77 @ 455ML,,,6500.0,6000.0,0,Y
,3M MRO 스프레이 #99 @,,,0.0,6000.0,0,Y
,3M MRO 실리콘 루브리컨트 @ 255G,,,0.0,0.0,0,Y
,3M MRO 접착제거제 @ 200ML,,,0.0,0.0,0,Y
,3M MRO 크리너(프 MS061Z) @ 420ML,,,0.0,0.0,0,Y
,3M 귀덮개 H7A,,,0.0,0.0,0,Y
,3M 귀덮개 H7P3E(보호구),,,0.0,0.0,0,Y
,3M 귀덮개 H9A,,,0.0,0.0,0,Y
,3M 귀마개 1100,,,140.0,160.0,0,Y
,3M 귀마개 1110,,,320.0,350.0,0,Y
,3M 그라인더 4CG,,,26000.0,27000.0,0,Y
,3M 그라인더 7CG,,,0.0,99000.0,0,Y
,"3M 그라인더 커버 ES @ 5""",,,0.0,500.0,0,Y
,3M 낙진제거제 @ 38070,,,16500.0,13800.0,0,Y
,"3M 리지드 그라인딩디스크@ 7""*8T",,,1400.0,1600.0,0,Y
,3M 마스크 방진1급 @ 8822,,,1500.0,1200.0,0,Y
,3M 마스크 방진1급 @ 8922,,,1450.0,1550.0,0,Y
,3M 마스크 방진1급 @ 9322,,,1580.0,0.0,0,Y
,3M 마스크 방진1급(접이식) @ 8955K,,,1700.0,1900.0,0,Y
,3M 마스크 방진1급/P2 @ 8922C,,,0.0,3000.0,0,Y
,3M 마스크 방진2급 @ 8710G,,,580.0,600.0,0,Y
,3M 마스크 방진2급 @ 8710L,,,470.0,550.0,0,Y
,3M 마스크 방진2급 @ 8812K,,,750.0,500.0,0,Y
,3M 마스크 방진2급 @ 9002V,,,0.0,0.0,0,Y
,3M 마스크 방진2급 @ 9913K,,,1600.0,1700.0,0,Y
,3M 마스크 방진2급 @ 9914K,,,1950.0,0.0,0,Y
,3M 마스크 황사 KF80 @ 9012,,,0.0,0.0,0,Y
,3M 마스크 황사 KF94 @ 9013,,,0.0,1300.0,0,Y
,3M 마스킹 303(ORANGE) @ 15MM*40M*80EA,,,0.0,0.0,0,Y
,3M 마스킹 303(RED) @ 15MM*40M*80EA,,,0.0,0.0,0,Y
,3M 마스킹 303(YELLOW) @ 15MM*40M*80EA,,,48500.0,0.0,0,Y
,3M 방독면 6200,,,11000.0,12000.0,0,Y
,3M 방독면 6800,,,118000.0,118000.0,0,Y
,3M 방독면 7502,,,25000.0,27000.0,0,Y
,3M 방독면 @ 3200(단구형),,,0.0,0.0,0,Y
,3M 방독면 헤드밴드 7581,,,0.0,0.0,0,Y
,3M 방독면체 6502QL @ 반면형,,,0.0,18000.0,0,Y
,3M 방진복 마이크로가드 1500,,,0.0,4700.0,0,Y
,3M 방진필터 @ 3311k-100,,,0.0,0.0,0,Y
,3M 보안경 40654PLUS,,,11000.0,13000.0,0,Y
,3M 보안경 AP-301(SG) @ 노랑,,,0.0,14000.0,0,Y
,3M 보안경 AP-302(SG) @ 회색,,,0.0,0.0,0,Y
,3M 보안경 SF301AF,,,0.0,3000.0,0,Y
,3M 보안경 SF301SGAF,,,4000.0,4300.0,0,Y
,3M 보안경 SF401 @ Clear,,,0.0,4000.0,0,Y
,3M 보안경 버추아(78283) @ CLEAR,,,1650.0,0.0,0,Y
,3M 보호복 4515 @ 2XL-GRAY,,,0.0,0.0,0,Y
,3M 보호복 4515 @ L-GRAY,,,0.0,0.0,0,Y
,3M 보호복 4515 @ XL-BLUE,,,0.0,0.0,0,Y
,3M 보호복 4515 @ XL-GRAY,,,0.0,0.0,0,Y
,3M 보호복 MG1500(46652) @ L-BLUE,,,0.0,0.0,0,Y
,3M 보호복 MG1500(46660) @ L-BLUE,,,0.0,0.0,0,Y
,3M 보호복 MG1500(73367) @ L-BLUE,,,0.0,0.0,0,Y
,3M 샌딩스폰지 2601 UFN @ 114*139,,,0.0,0.0,0,Y
,"3M 옵셋 #24(리지드 A-100) @ 4""",,,0.0,800.0,0,Y
,"3M 옵셋 #30(보급형 6T) @ 4""",,,440.0,0.0,0,Y
,"3M 옵셋 #36(더블사이드 3T) @ 4""",,,0.0,0.0,0,Y
,"3M 옵셋 (리지드 8T) @ 4""",,,0.0,0.0,0,Y
,"3M 옵셋 (보급형 WA) @ 7""",,,0.0,1800.0,0,Y
,3M 장갑 발열 @,,,0.0,0.0,0,Y
,3M 장갑 수퍼그립 핫 @ L,,,3400.0,3600.0,0,Y
,3M 장갑 수퍼그립 핫 @ M,,,3400.0,3600.0,0,Y
,3M 장갑 수퍼그립 핫 @ S,,,0.0,0.0,0,Y
,3M 장갑 수퍼그립200 @ L,,,1550.0,1500.0,0,Y
,3M 장갑 수퍼그립200 @ M,,,1550.0,1570.0,0,Y
,3M 장갑 수퍼그립200 @ S,,,1550.0,1550.0,0,Y
,3M 장갑 수퍼그립200-WT @ L,,,2150.0,2400.0,0,Y
,3M 장갑 수퍼그립200-WT @ M,,,2150.0,2400.0,0,Y
,3M 장갑 수퍼그립200-WT @ S,,,0.0,0.0,0,Y
,3M 장갑 컴포트-WT 리얼터치2 @ L,,,0.0,4250.0,0,Y
,3M 장갑 컴포트-WT 리얼터치2 @ M,,,0.0,4250.0,0,Y
,3M 장갑 컴포트-WT 오리지날1 @ L,,,2150.0,4250.0,0,Y
,3M 장갑 컴포트-WT 오리지날1 @ M,,,2150.0,4250.0,0,Y
,3M 장갑 컴포트-WT 오리지날1 @ XL,,,0.0,2300.0,0,Y
,3M 장갑 컴포트-WT 혹한기3 @ L,,,3450.0,3700.0,0,Y
,3M 장갑 컴포트-WT 혹한기3 @ M,,,3450.0,3600.0,0,Y
,3M 장갑 컴포트-WT 혹한기4 @ L,,,4200.0,4250.0,0,Y
,3M 장갑 컴포트-WT 혹한기4 @ M,,,4200.0,4250.0,0,Y
,3M 장갑 컴포트그립 @ L,,,1500.0,1550.0,0,Y
,3M 장갑 컴포트그립 @ M,,,1500.0,1550.0,0,Y
,3M 장갑 컴포트그립 AIR @ L,,,1500.0,1550.0,0,Y
,3M 장갑 컴포트그립 AIR @ M,,,1500.0,1500.0,0,Y
,3M 장갑 컴포트그립(GREEN) @ L,,,1600.0,1600.0,0,Y
,3M 장갑 컴포트그립(GREEN) @ M,,,1600.0,1600.0,0,Y
,3M 장갑 컴포트그립(GREEN) @ S,,,1600.0,1600.0,0,Y
,3M 장갑 컴포트그립(ORANGE) @ L,,,0.0,1520.0,0,Y
,3M 장갑 컴포트그립(ORANGE) @ M,,,0.0,0.0,0,Y
,3M 전기테이프 #1711,,,430.0,480.0,0,Y
,"3M 절단석 01994(new) @ 4""",,,2100.0,2200.0,0,Y
,"3M 절단석 02994 @ 4""",,,0.0,2200.0,0,Y
,"3M 절단석 04116 @ 4""",,,950.0,950.0,0,Y
,"3M 절단석 51778(실버) @ 4""",,,0.0,1200.0,0,Y
,"3M 절단석 65137(큐) @ 4""*9.5mm",,,2100.0,2200.0,0,Y
,"3M 절단석 65139(큐) @ 5""",,,3100.0,3400.0,0,Y
,"3M 절단석 65147(큐) @ 4""*1.0t*16mm",,,2400.0,240.0,0,Y
,"3M 절단석 65148(큐) @ 4""*1.3t*9.5mm",,,0.0,2400.0,0,Y
,"3M 절단석 72653 @ 4""",,,440.0,450.0,0,Y
,"3M 절단석 81148(큐2/CG) @ 7""*4T*22.23",,,7700.0,7900.0,0,Y
,"3M 절단석 @ 7""",,,4700.0,4800.0,0,Y
,"3M 절단석 보급형 @ 14""",,,2100.0,1900.0,0,Y
,"3M 절단석 큐비트론 @ 4""*16MM",,,2300.0,2400.0,0,Y
,"3M 절단석 프리미엄 @ 14""",,,5300.0,4800.0,0,Y
,"3M 절단석 프리미엄 @ 16""",,,5900.0,6000.0,0,Y
,3M 정수필터 @ 스탠다드,,,0.0,0.0,0,Y
,3M 정수필터 @ 프리미엄,,,0.0,0.0,0,Y
,3M 정화통 6001K,,,5800.0,6300.0,0,Y
,3M 정화통 6002K,,,0.0,8800.0,0,Y
,3M 정화통 6003K,,,6100.0,6300.0,0,Y
,3M 차량용 유리발수코팅제 @ 390ml,,,3800.0,0.0,0,Y
,3M 창문필터,,,5800.0,0.0,0,Y
,3M 쿨토시 PS2000 @ BK,,,0.0,0.0,0,Y
,"3M 푸른돌 #24 @ 4""*6T",,,1600.0,1800.0,0,Y
,"3M 푸른돌 #24 @ 7""*6T",,,4700.0,5200.0,0,Y
,"3M 푸른돌 #36 @ 4""*3T",,,1580.0,1600.0,0,Y
,"3M 푸른돌 #36(HP 66554 6T) @ 4""",,,0.0,0.0,0,Y
,"3M 푸른돌 #60 @ 4""*2T",,,1600.0,1600.0,0,Y
,"3M 푸른돌 #80 @ 4""*2T",,,1580.0,1600.0,0,Y
,3M 필터 2091K,,,2700.0,2900.0,0,Y
,3M 필터 2097K @ 특급,,,3550.0,3850.0,0,Y
,3M 필터 5N11,,,1800.0,1000.0,0,Y
,3M 필터 6006,,,9500.0,10000.0,0,Y
,3M 필터 캡 501,,,700.0,800.0,0,Y
,"3M 황금돌 #36 @ 4""*3T",,,1450.0,1500.0,0,Y
,"3M 황금돌 #60 @ 4""*2.5T",,,1450.0,1600.0,0,Y
,"3M 황금돌 #80 @ 4""*2.5T",,,1450.0,1600.0,0,Y
,3M테이프 양면 #5068 @ 12MM*3M,,,898.0,1000.0,0,Y
,3M테이프 양면 #5068 @ 24MM*3M,,,0.0,2200.0,0,Y
,3M테이프 양면 #5068 @ 25MM*3M,,,1870.0,2075.0,0,Y
,3M테이프 양면 #5068 @ 50MM*3M,,,3740.0,3740.0,0,Y
,3M테이프 양면 #5068 @ 600MM*3M,,,44900.0,0.0,0,Y
,3M프로그립 2000장갑 @ L,,,0.0,1650.0,0,Y
,3M프로그립 2000장갑 @ M,,,0.0,1580.0,0,Y
,3M프로그립 3000장갑 @ L,,,0.0,1650.0,0,Y
,3M프로그립 3000장갑 @ M,,,0.0,1650.0,0,Y
,DISC KA162 #100 @ VD40,,,0.0,0.0,0,Y
,DISC KA162 #180 @ VD40,,,0.0,0.0,0,Y
,DISC KA162 #60 @ VD40,,,260.0,0.0,0,Y
,"DNK 플랩(C/Z) #60 @ 4""",,,750.0,0.0,0,Y
,LED등,,,0.0,9000.0,0,Y
,"M3 2 절단석 @ 14""",,,0.0,2300.0,0,Y
,"M3 2 절단석 @ 4""",,,400.0,500.0,0,Y
,"M3 2 절단석 @ 5""",,,800.0,800.0,0,Y
,"MD 절단석 @ 4""*16MM",,,500.0,600.0,0,Y
,"MD 절단석 @ 5""*16MM",,,600.0,650.0,0,Y
,"MFC 절단석 @ 4""*16MM",,,0.0,0.0,0,Y
,OPP무지,,,7.0,0.0,0,Y
,R203 #80 @ 10MM*330MM,,,230.0,0.0,0,Y
,SOLO 헤드랜턴 센서 @ SL-120S,,,4300.0,0.0,0,Y
,SOLO 헤드랜턴 충전 @ SL-140C(줌),,,11000.0,11000.0,0,Y
,TU,,,0.0,2000.0,0,Y
,"TU 연마석 @ 4""",,,0.0,650.0,0,Y
,"TU 연마석 @ 4""*6T",,,0.0,600.0,0,Y
,"TU 연마석 @ 7""",,,2000.0,2500.0,0,Y
,"TU 절단석 @ 14""",,,0.0,0.0,0,Y
,"TU 절단석 @ 16""",,,0.0,4800.0,0,Y
,"TU 절단석 AZ 105703 @ 7""*1.8T*22MM",,,2000.0,2300.0,0,Y
,"TU 절단석 AZ 6503 @ 4""",,,0.0,0.0,0,Y
,"TU 절단석 AZ 6503 @ 5""*1.3T",,,0.0,0.0,0,Y
,"TU 절단석 S 103402 @ 4""*9.8MM",,,0.0,0.0,0,Y
,"TU 절단석 S 104402 @ 4""*16MM",,,1100.0,1300.0,0,Y
,"TU 절단석 S 105501 @ 5""*16MM",,,1700.0,1800.0,0,Y
,"TU 절단석 S 105502 @ 5""*16MM",,,1500.0,2000.0,0,Y
,"TU 플랩 DISC #40 @ 4""*16MM",,,1100.0,1300.0,0,Y
,"TU 플랩 DISC #60 @ 4""*16MM",,,1100.0,1300.0,0,Y
,"TU 플랩 DISC #80 @ 4""*16MM",,,1100.0,1300.0,0,Y
,"TU-FLEX 옵셋 #24 @ 4""*6T*16MM",,,800.0,900.0,0,Y
,"TU-FLEX 옵셋 #24 @ 7""*6T*22MM",,,1900.0,2100.0,0,Y
,"TU-FLEX 옵셋 #36 @ 4""*3T*16MM",,,650.0,650.0,0,Y
,"TU-FLEX 옵셋 #60 @ 4""*2T*16MM",,,650.0,750.0,0,Y
,"TU-FLEX 옵셋 #80 @ 4""*2T*16MM",,,650.0,800.0,0,Y
,"TU-PLUS 101404 @ 4""*16MM",,,950.0,1200.0,0,Y
,"TU-PLUS 102504 @ 5""*16MM",,,1100.0,1400.0,0,Y
,"TU-PLUS 106704 @ 7""*22MM",,,2100.0,2500.0,0,Y
,"TU-WA 옵셋 #24 @ 4""*6T*16MM",,,450.0,550.0,0,Y
,"TU옵셀 7""",,,0.0,2100.0,0,Y
,TWO COMP 472 줄자 @ 10M*30MM,,,14000.0,0.0,0,Y
,TWO COMP 472 줄자 @ 5M*19MM,,,6000.0,0.0,0,Y
,TWO COMP 472 줄자 @ 8M*25MM,,,8000.0,0.0,0,Y
,"VIP 플랩 #100 @ 4""",,,0.0,0.0,0,Y
,"VIP 플랩 #80 @ 4""",,,0.0,0.0,0,Y
,계양 고속절단기 @ 14-D,,,134000.0,135000.0,0,Y
,"계양 고속절단기 HC355 @ 14""",,,122265.0,0.0,0,Y
,계양 그라인더 @ ACT-100SN,,,40000.0,44000.0,0,Y
,계양 그라인더 @ DG-750,,,0.0,35000.0,0,Y
,계양 함마드릴 PHD-38,,,318515.0,335000.0,0,Y
,고려용접봉 스텐용@ KST-308 -2.0MM,,,8600.0,9000.0,0,Y
,고려용접봉 스텐용@ KST-308 -2.6MM,,,8000.0,8500.0,0,Y
,고려용접봉 스텐용@ KST-308 -3.2MM,,,0.0,0.0,0,Y
,"고속절단기 디월트 @ 14""",,,138000.0,125000.0,0,Y
,"고속절단기 지파 JF92551(목공용) @ 10""",,,0.0,0.0,0,Y
,그린카드 보호복후드(통기성)43204@회색 XL,,,4125.0,5200.0,0,Y
,"나까야 절단석 @ 4""",,,0.0,0.0,0,Y
,"나까야 절단석 @ 5""",,,0.0,1000.0,0,Y
,낙진,,,0.0,0.0,0,Y
,"노존플러스절단석 @ 5""",,,1900.0,2200.0,0,Y
,"노튼 블루파이어 절단석 @ 4""*1.2t",,,0.0,0.0,0,Y
,노튼 블루파이어 플랩디스크 @ #40,,,780.0,0.0,0,Y
,노튼 블루파이어 플랩디스크 @ #60,,,0.0,0.0,0,Y
,노튼 블루파이어 플랩디스크 @ #80,,,0.0,0.0,0,Y
,노튼 블루파이어(생고뱅) @ 14인치,,,1591.0,1591.0,0,Y
,노튼 블루파이어절단석 @ 4인치*1.2T*16,,,480.0,0.0,0,Y
,노튼 익스퍼트 플랩디스크 @ #40,,,450.0,700.0,0,Y
,노튼 익스퍼트 플랩디스크 @ #60,,,450.0,700.0,0,Y
,노튼 익스퍼트 플랩디스크 @ #80,,,450.0,700.0,0,Y
,다갈아,,,20000.0,0.0,0,Y
,"다이센 소프트타입 @ 4""",,,350.0,500.0,0,Y
,"다이센 소프트타입 @ 5""",,,450.0,600.0,0,Y
,"다이센 절단석 하드타입 @ 4""",,,350.0,1000.0,0,Y
,"다이센 절단석 하드타입 @ 5""",,,450.0,1300.0,0,Y
,"다잘라컷팅날 @ 4""",,,9500.0,9000.0,0,Y
,"다잘라컷팅날 @ 5""",,,8500.0,10000.0,0,Y
,"다잘라컷팅날 @ 7""",,,17600.0,17500.0,0,Y
,"대광 절단석 @ 14""",,,0.0,0.0,0,Y
,디월,,,0.0,0.0,0,Y
,디월트 LCD 열풍기 @ D26414,,,0.0,79000.0,0,Y
,디월트 각도절단기 @ DCS727T2,,,0.0,0.0,0,Y
,디월트 거리측정기 @ DW065E(20M),,,0.0,0.0,0,Y
,"디월트 고속절단기 @ 14""",,,0.0,0.0,0,Y
,디월트 레벨기 레드 @ DW089K-KR,,,0.0,0.0,0,Y
,디월트 로타리 햄머 @ DCH133P2,,,0.0,0.0,0,Y
,디월트 멀티커서 베어툴 DCS356N,,,180000.0,190000.0,0,Y
,디월트 무선 만능컷팅기@20V DCS356N,,,184000.0,0.0,0,Y
,디월트 무선 원형샌딩기 @DCW210N,,,140000.0,0.0,0,Y
,디월트 배터리 18V 4.0AH @ DCB182,,,0.0,0.0,0,Y
,디월트 배터리 18V 5.0AH @ DCB184,,,0.0,0.0,0,Y
,디월트 배터리 20V 5.0AH @ DCB205,,,95000.0,95000.0,0,Y
,디월트 비트/티타늄 @ DT50050-KR,,,0.0,41000.0,0,Y
,디월트 앵글그라인더 @ DWE8110S,,,0.0,0.0,0,Y
,디월트 오비탈 샌더 @ DWE6423,,,0.0,85000.0,0,Y
,디월트 임팩드라(베어툴) @ DCF887,,,135000.0,135000.0,0,Y
,디월트 임팩드라이버 @ DCF887NT,,,0.0,334000.0,0,Y
,디월트 임팩드라이버 @ DCF887P2A,,,339000.0,338000.0,0,Y
,디월트 전동드라이버 @ DCF680G2,,,0.0,0.0,0,Y
,디월트 충전그라인더 @ DCG405P2,,,358000.0,358000.0,0,Y
,디월트 충전그라인더 @ DCG414T2,,,0.0,450000.0,0,Y
,디월트 충전그라인더(베어툴) @ DCG405N,,,145000.0,145000.0,0,Y
,디월트 충전기,,,30000.0,30000.0,0,Y
,디월트 충전기 @,,,0.0,0.0,0,Y
,디월트 충전스크류건(매거진) @ DCF620D2K,,,0.0,407000.0,0,Y
,디월트 충전예초기 @ DCM5713X2,,,540000.0,0.0,0,Y
,디월트 충전임팩렌치 @ DCF880M2,,,0.0,0.0,0,Y
,디월트 충전햄머드릴 @ DCD796P2,,,0.0,0.0,0,Y
,디월트 충전햄머드릴 @ DCD996P2,,,0.0,412000.0,0,Y
,디월트 충전햄머드릴 @ DCH333X2,,,0.0,0.0,0,Y
,디월트 컴포넌트 부품함 @ DWST14830,,,0.0,18500.0,0,Y
,디월트 콤보 SET @ DCK485M3,,,0.0,0.0,0,Y
,디월트 햄머드릴(베어툴) @ DCH283NT,,,0.0,390000.0,0,Y
,랩(공업용)500*20,,,10000.0,0.0,0,Y
,레벨기 ADL-440 @ 4V4H(전자식),,,240000.0,260000.0,0,Y
,레벨기 ADL-440 @ 4V4H(전자식)박스,,,0.0,0.0,0,Y
,레벨기 ADL-8102 @ 4V4H(전자식),,,220000.0,260000.0,0,Y
,"레시본 연마석 4""*2t*16mm",,,0.0,1700.0,0,Y
,"보쉬 충전그라GWS18V LI*18V5AH 4""",,,303501.0,305000.0,0,Y
,"레즈본 R&B절단석 @ 4""",,,0.0,450.0,0,Y
,"레즈본 R&B절단석 @ 5""",,,500.0,550.0,0,Y
,"레즈본 연마석 #60 @ 4""*3T",,,600.0,800.0,0,Y
,"레즈본 연마석 #80 @ 4""*3T",,,600.0,650.0,0,Y
,"레즈본 연마석 @ 4""*6T",,,550.0,700.0,0,Y
,"레즈본 연마석 @ 7""*8T",,,1600.0,2500.0,0,Y
,"레즈본 연마석 청평 #120 @ 4""",,,0.0,0.0,0,Y
,"레즈본 연마석 청평 #120 @ 4.5""",,,0.0,0.0,0,Y
,"레즈본 연마석 청평 #40 @ 4""",,,600.0,600.0,0,Y
,"레즈본 연마석 청평 #40 @ 4.5""",,,0.0,0.0,0,Y
,"레즈본 연마석 청평 #60 @ 4""",,,750.0,600.0,0,Y
,"레즈본 연마석 청평 #60 @ 4.5""",,,400.0,800.0,0,Y
,"레즈본 연마석 청평 #80 @ 4""",,,600.0,850.0,0,Y
,"레즈본 연마석 청평 #80 @ 4.5""",,,0.0,0.0,0,Y
,레즈본 용접면,,,12000.0,15000.0,0,Y
,레즈본 용접면 보호유리,,,300.0,300.0,0,Y
,레즈본 용접면 카트리지,,,5000.0,0.0,0,Y
,"레즈본 절단석 @ 14""",,,2080.0,2300.0,0,Y
,"레즈본 절단석 @ 16""",,,3000.0,3000.0,0,Y
,"레즈본 절단석 @ 4""",,,400.0,700.0,0,Y
,"레즈본 절단석 @ 5""",,,500.0,750.0,0,Y
,"레즈본 절단석 @ 7""",,,950.0,1200.0,0,Y
,"레즈본 절단석 R&B 블랙 @ 4""",,,420.0,500.0,0,Y
,"레즈본 절단석 R&B 블랙 @ 5""",,,500.0,600.0,0,Y
,레즈본 줄자 @ 5.5M*19MM,,,0.0,0.0,0,Y
,레즈본 줄자 @ 5.5M*25MM,,,0.0,0.0,0,Y
,레즈본 줄자 @ 7.5M*25MM,,,0.0,0.0,0,Y
,"레즈본2 절단석 @ 4""",,,450.0,700.0,0,Y
,"레즈본2 절단석 @ 5""",,,600.0,800.0,0,Y
,"렉스톨킹 절단석 @ 4""*16MM",,,550.0,1000.0,0,Y
,"렉스톨킹 절단석 @ 5""*16MM",,,650.0,1100.0,0,Y
,"로디우스 절단석 @ 4""",,,1150.0,1400.0,0,Y
,"로디우스 절단석 @ 5""",,,1550.0,1950.0,0,Y
,"로디우스 절단석 @ 7""",,,2600.0,3000.0,0,Y
,마스크 30EA/3겹/개별/흰색/수입,,,6000.0,250.0,0,Y
,마스크 50EA/국산 @ 엑스텐데이즈,,,0.0,420.0,0,Y
,마스크 카누토 @ 밸브무,,,0.0,0.0,0,Y
,마스크 카누토 @ 밸브유,,,0.0,0.0,0,Y
,매거,,,0.0,0.0,0,Y
,밀워키 그라인더 AG7-1005,,,0.0,50000.0,0,Y
,밀워키 충전임팩 M18FLW12-602X,,,0.0,450000.0,0,Y
,밀워키 충전임팩 M18FQID-502X@18V 5A FUEL,,,373405.0,373405.0,0,Y
,밀워키 충전컷소M18 @ CSX-602C,,,0.0,550000.0,0,Y
,밀워키 충전함마드릴 M18 @ CHX-0X,,,0.0,0.0,0,Y
,"밀워키 컷쇼날(철용) 4187 @ 9"" 14TPI",,,11700.0,13500.0,0,Y
,밀워키충전그라인더 M18 CAG125XPDB-602X,,,357900.0,415000.0,0,Y
,바른마스크 덴탈/개별 @ 30EA,,,4000.0,6000.0,0,Y
,베벨,,,0.0,0.0,0,Y
,"베스트 절단석 @ 14""",,,2000.0,2080.0,0,Y
,"베스트 절단석 @ 4""",,,250.0,500.0,0,Y
,"베스트 절단석 @ 5""",,,450.0,500.0,0,Y
,보쉬 그라인더 @ GWS6-100,,,42000.0,43000.0,0,Y
,보쉬 그라인더 @ GWS750-100EX,,,39000.0,35000.0,0,Y
,보쉬 충전임팩드라이버GDR18V@18V BL6AH),,,270734.0,270000.0,0,Y
,보쉬 충전햄머드릴 @ GSB10.8-2-LI,,,0.0,0.0,0,Y
,보호면 오토스 칼라 @ #5,,,8000.0,8000.0,0,Y
,보호면 오토스 칼라 @ #7,,,8000.0,8500.0,0,Y
,보호면 오토스 투명 @ S,,,6600.0,7000.0,0,Y
,"본드플렉스 절단석 @ 5""",,,330.0,450.0,0,Y
,"블랙불 절단석@ 골드 4""",,,300.0,400.0,0,Y
,블랙블 양모디스크@ 4인치 PW100,,,0.0,2000.0,0,Y
,"블랙블 절단석@ 골드 5""",,,400.0,450.0,0,Y
,삼양,,,0.0,0.0,0,Y
,"삼양 연마석 @ 7""",,,0.0,0.0,0,Y
,생고뱅 보안경 울트라라이트18,,,0.0,0.0,0,Y
,"생고뱅 절단석 노존플러스 @ 4""*1.2T",,,0.0,0.0,0,Y
,"생고뱅 절단석 노존플러스 @ 5""*1.2T",,,0.0,0.0,0,Y
,"생고뱅 절단석 블루파이어 @ 14""",,,0.0,2000.0,0,Y
,수강지급,,,0.0,0.0,0,Y
,수당,,,0.0,0.0,0,Y
,수당지급,,,0.0,0.0,0,Y
,숨쉬GO KF94 마스크 @ 대,,,740.0,850.0,0,Y
,슈퍼윈터,,,0.0,2400.0,0,Y
,스탠다드 411 줄자 @ 3M*13MM,,,6500.0,0.0,0,Y
,스탠다드 411 줄자 @ 5M*16MM,,,10500.0,0.0,0,Y
,스탠레스 줄자 @ 3M*13MM,,,0.0,0.0,0,Y
,스탠레스 줄자 @ 5M*16MM,,,0.0,0.0,0,Y
,신일제약 마스크 @ kf94,,,0.0,2000.0,0,Y
,"씽씽 절단석 @ 4""",,,0.0,500.0,0,Y
,"씽씽 절단석 @ 5""",,,570.0,750.0,0,Y
,아임삭 충전그라인더 @ BL18Q605,,,0.0,0.0,0,Y
,아임삭 충전그라인더 @ BL22G806,,,323755.0,330000.0,0,Y
,아카시 레벨기 @ 수광기부품,,,55000.0,55000.0,0,Y
,"아카시 연마석@ 4""*6t",,,500.0,700.0,0,Y
,"아카시 절단석 @ 14""",,,0.0,0.0,0,Y
,"아카시 절단석 칸 @ 4""*16MM",,,450.0,800.0,0,Y
,"아카시 절단석 칸 @ 5""*16MM",,,550.0,1000.0,0,Y
,"아카시 절단석 프리미엄 @ 4""*16MM",,,1000.0,1000.0,0,Y
,"아카시 절단석 프리미엄 @ 5""*16MM",,,650.0,1000.0,0,Y
,아카시 줄자 @ 5.5M*25MM,,,0.0,0.0,0,Y
,아카시 줄자 @ 7.5M*25MM,,,0.0,0.0,0,Y
,애니가드 마스크 1급 @ VC102V,,,0.0,1300.0,0,Y
,애니가드 마스크(1급)*VC102V 밸브유,,,500.0,700.0,0,Y
,애니가드 마스크(2급)*VC201G,,,360.0,450.0,0,Y
,애니가드 마스크(2급)*VC202V 밸브유,,,480.0,600.0,0,Y
,애니가드마스크@KF-AD(비말차단마스크),,,20.0,100.0,0,Y
,"에이스 절단석 @ 14""",,,2000.0,2200.0,0,Y
,"에이스 절단석 @ 16""",,,3200.0,0.0,0,Y
,"에이스 절단석 @ 4""",,,470.0,520.0,0,Y
,"에이스 절단석 @ 5""",,,770.0,850.0,0,Y
,"에이스 절단석 @ 7""",,,1300.0,1500.0,0,Y
,"에이스 플랩 #40 @ 4""",,,0.0,0.0,0,Y
,"에이스 플랩 #60 @ 4""",,,0.0,800.0,0,Y
,"에이스 플랩 #80 @ 4""",,,0.0,0.0,0,Y
,"에이스 플랩 골드 #40 @ 4""",,,0.0,0.0,0,Y
,"에이스 플랩 골드 #60 @ 4""",,,0.0,0.0,0,Y
,"에이스 플랩 골드 #80 @ 4""",,,0.0,650.0,0,Y
,"에이스 플랩 골드 #80 @ 7""",,,2600.0,3000.0,0,Y
,"연마석 삼양 @ 7""",,,0.0,1450.0,0,Y
,"연마석 제일 @ 7""",,,0.0,1600.0,0,Y
,"연마석 트리스톤 @ 5""",,,0.0,1000.0,0,Y
,영업일지,,,0.0,0.0,0,Y
,오토스,,,0.0,0.0,0,Y
,용접기 XCORT @ MMA-200S,,,0.0,0.0,0,Y
,용접봉 골든브릿지 @ 2.5∮,,,1400.0,1800.0,0,Y
,용접봉 골든브릿지 @ 3.2∮,,,1800.0,1800.0,0,Y
,용접봉 골든브릿지 @ 4.0∮,,,0.0,1700.0,0,Y
,용접봉 골든브릿지 솔리드 @ 1.0mm,,,1300.0,0.0,0,Y
,용접봉 골든브릿지 솔리드 @ 1.2mm,,,0.0,1500.0,0,Y
,용접봉 골든브릿지 플럭스 @ 1.2mm,,,1500.0,1700.0,0,Y
,운반비,,,5000.0,5000.0,0,Y
,워킹메타 WML-10K,,,0.0,54000.0,0,Y
,원형톱 MAKITA (충전/5.0Ah) @ DSS611RTE,,,0.0,0.0,0,Y
,"원형톱 MAKITA 5740NB @ 7""",,,107878.0,0.0,0,Y
,"원형톱 계양 CS-7CA @ 7""",,,96153.0,99000.0,0,Y
,유한 크린가드 43043/A10/회 @ 특대,,,3167.0,0.0,0,Y
,유한 크린가드 43050/A40/흰 @ 특대,,,5958.0,5958.0,0,Y
,유한 크린가드 43402/A40/노랑 @ 특대,,,5729.0,6300.0,0,Y
,유한 크린가드 KF-AD 마스크 @ 대,,,540.0,650.0,0,Y
,유한 크린가드 청정마스크 50P @ 44272,,,0.0,0.0,0,Y
,유한킴벌리 마스크 1급 @ M20,,,825.0,1000.0,0,Y
4403462,유한킴벌리 마스크 2급 @ M10,,,451.0,550.0,0,Y
,유한킴벌리 마스크 2급 @ M10(접이식),,,0.0,0.0,0,Y
4427961,유한킴벌리 황사 KF94 @ 대형,,,1150.0,1400.0,0,Y
,"이엑스파워 절단석 @ 4""",,,417.0,470.0,0,Y
,이월,,,0.0,0.0,0,Y
,이화,,,0.0,0.0,0,Y
,"이화 콘크리트 컷팅날 @ 16""",,,123192.0,120000.0,0,Y
,"이화 콘크리트 컷팅날(마른) @ 4""",,,6900.0,7600.0,0,Y
,"이화 콘크리트 컷팅날(마른) @ 5""",,,16796.0,580.0,0,Y
,"이화 타일 컷팅날(TB6W) @ 4""",,,4850.0,0.0,0,Y
,인버터용접기 GOLD-200,,,121600.0,0.0,0,Y
,입금,,,0.0,2000.0,0,Y
,자동 레벨기 삼각대(SB) @ TD-950F,,,36608.0,0.0,0,Y
,작업복 ZIBEN-2053,,,65000.0,0.0,0,Y
,작업봉ZIBEN-1957,,,51000.0,0.0,0,Y
,장갑 렉스톨 @ L,,,0.0,750.0,0,Y
,장갑 렉스톨 @ M,,,0.0,0.0,0,Y
,장갑 맨손 혹한기 @ M,,,1100.0,1200.0,0,Y
,장갑 스마트그립200 @ L,,,0.0,1200.0,0,Y
,장갑 스마트그립200 @ M,,,0.0,1200.0,0,Y
,전기테,,,0.0,0.0,0,Y
,전등 SJ3400 LED 작업등,,,8000.0,13000.0,0,Y
,전등 서치라이트,,,0.0,0.0,0,Y
,"절단석 L 3D @ 4""*16MM",,,0.0,0.0,0,Y
,"절단석 L 3D골드 @ 4""*16MM",,,0.0,0.0,0,Y
,"절단석 L 3D골드 @ 5""*16MM",,,0.0,0.0,0,Y
,"절단석 L MFC @ 4""*16MM",,,0.0,0.0,0,Y
,제나 먼지커버 @ 드릴콘 HL-101,,,20000.0,0.0,0,Y
,"제네시스 절단석 @ 14""",,,0.0,2200.0,0,Y
,"제우스 절단석 @ 4""",,,0.0,400.0,0,Y
,"제우스 절단석 @ 5""",,,0.0,500.0,0,Y
,제우스맨 쿨토시(IM) @ 검정,,,0.0,800.0,0,Y
,제우스맨 쿨토시(IM) @ 파랑,,,750.0,1000.0,0,Y
,제우스맨 쿨토시(IM) @ 회색,,,750.0,1000.0,0,Y
,제일,,,0.0,2200.0,0,Y
,"제일 연마석 WA O/S @ 4""*6T",,,560.0,570.0,0,Y
,"제일 연마석 WA O/S @ 7""*8T",,,1420.0,1500.0,0,Y
,"제일 연마석 망사 O/S @ 4""*2T",,,390.0,420.0,0,Y
,"제일 연마석 흑돌 @ 4""*3T",,,410.0,480.0,0,Y
,"제일 연마석 흑돌 @ 4""*6T",,,420.0,450.0,0,Y
,"제일 연마석 흑돌 @ 7""*8T",,,1200.0,1250.0,0,Y
,제일 장갑 NBR POLY @ M,,,0.0,0.0,0,Y
,제일 장갑 NBR SPAN @ M,,,0.0,0.0,0,Y
,"제일 절단석 PS-GOLD @ 14""",,,2600.0,2200.0,0,Y
,"제일 절단석 PS-GOLD @ 16""",,,3500.0,4200.0,0,Y
,"제일 절단석 PS-GOLD@4""*1.2mm*15.8mm",,,0.0,1200.0,0,Y
,"제일 절단석 WA @ 4""*1.8T",,,0.0,530.0,0,Y
,"제일 절단석 엑설런트 es46 @ 4""*1.2*m",,,200.0,300.0,0,Y
,"제일 절단석 흑돌 @ 14""",,,2000.0,2200.0,0,Y
,"제일 절단석 흑돌 @ 16""",,,2750.0,3000.0,0,Y
,"제일 절단석 흑돌 @ 4""*1.8T",,,320.0,350.0,0,Y
,"제일 절단석 흑돌 @ 5""",,,0.0,0.0,0,Y
,"제일 절단석 흑돌 @ 7""",,,700.0,1000.0,0,Y
,조선선재 용접봉 @ 2.6∮,,,2800.0,2800.0,0,Y
,조선선재 용접봉 @ 3.2∮,,,2720.0,2800.0,0,Y
,조정,,,0.0,0.0,0,Y
,"창조 절단석 @ 4""",,,0.0,700.0,0,Y
,"체스코 절단석 @ 4""",,,990.0,1300.0,0,Y
,"체스코 절단석 @ 5""",,,1123.0,1500.0,0,Y
,"초경 판넬용 @ 7""*25*30*2.2",,,0.0,0.0,0,Y
,출금,,,0.0,0.0,0,Y
,충전그라인더 계양 DG18BLZ-100S,,,106828.0,0.0,0,Y
,충전드릴 계양 DD18BL,,,0.0,0.0,0,Y
,카드,,,0.0,0.0,0,Y
,컷쇼날 S-1120CF(금속용),,,24083.0,22879.0,0,Y
,컷쇼날 S-1122BF(금속용),,,15345.0,14600.0,0,Y
,컷쇼날 S-1125VF(금속용),,,16333.0,16333.0,0,Y
,컷쇼날 S-1222VF(목재 철재 알루미늄겸용),,,3757.0,3800.0,0,Y
,컷쇼날 S-1411DF(목재 철재 겸용),,,15512.0,13000.0,0,Y
,"켈코 절단석 @ 14""",,,2800.0,2800.0,0,Y
,"콘크리트 컷팅날(이화) @ 7""",,,0.0,32000.0,0,Y
,쿨토시 @ 그레이,,,0.0,0.0,0,Y
,쿨토시 @ 블루,,,0.0,0.0,0,Y
,"클링스포 절단석 @ 4""",,,1500.0,1200.0,0,Y
,"클링스포 절단석 @ 5""",,,1500.0,1200.0,0,Y
,키레스드릴척 MKK @ DKC-10,,,24966.0,26000.0,0,Y
,키레스드릴척 MKK @ DKC-13,,,29070.0,30500.0,0,Y
,택배비,,,3000.0,5000.0,0,Y
,택배비-진영건축자재백화점,,,0.0,500.0,0,Y
,테이프,,,0.0,0.0,0,Y
,토치 가스 포세이돈 @ KGT-250,,,0.0,0.0,0,Y
,토치 예열 포세이돈 @ KGT-150,,,0.0,7000.0,0,Y
,"티롤릿 다이아몬드 벽채날@ 16""",,,80000.0,80000.0,0,Y
,"티롤릿 블루 4"" 25*50",,,0.0,1400.0,0,Y
,"티롤릿 블루 4"" 400*50",,,0.0,0.0,0,Y
,"티롤릿 블루 5"" 150*100",,,0.0,1800.0,0,Y
34434537,"티롤릿 연마석 @ 4""*6T",,,1200.0,1200.0,0,Y
,"티롤릿 연마석 @ 7""*6T",,,2000.0,2500.0,0,Y
,"티롤릿 옵셋 #36 @ 4""*2.7T",,,620.0,1000.0,0,Y
,"티롤릿 옵셋 #60 @ 4""*2.7T",,,620.0,1350.0,0,Y
,"티롤릿 옵셋 #80 @ 4""*2.7T",,,620.0,1000.0,0,Y
34382509,"티롤릿 절단석 @ 14""",,,2700.0,3300.0,0,Y
34382510,"티롤릿 절단석 @ 16""",,,3700.0,4800.0,0,Y
,"티롤릿 절단석 @ 3""",,,600.0,700.0,0,Y
,"티롤릿 절단석 @ 7""",,,1600.0,2300.0,0,Y
34391553,"티롤릿 절단석 레드 @ 4""",,,750.0,1000.0,0,Y
,"티롤릿 절단석 레드 @ 5""",,,960.0,1600.0,0,Y
34391554,"티롤릿 절단석 블루 @ 4""",,,760.0,1400.0,0,Y
34466911,"티롤릿 절단석 블루 @ 5""",,,960.0,1900.0,0,Y
,"티롤릿 절단석 실버 @ 4""",,,1400.0,1300.0,0,Y
,"티롤릿 절단석 실버 @ 5""",,,1700.0,1600.0,0,Y
,티롤릿 카달로그,,,0.0,0.0,0,Y
,파워라인줄자(코메론) @ 5.5m*27mm,,,9313.0,10000.0,0,Y
,"페가텍 절단석 @ 4""",,,0.0,1200.0,0,Y
,"페가텍 절단석 @ 5""",,,0.0,1500.0,0,Y
,"페어드 절단석 @ 14""",,,0.0,3500.0,0,Y
,"페어드 절단석 @ 4""",,,600.0,950.0,0,Y
,"페어드 절단석 @ 4""*0.8t",,,700.0,1200.0,0,Y
,"페어드 절단석 @ 5""",,,1200.0,1500.0,0,Y
,"페어드 절단석 @ 7""",,,2400.0,2700.0,0,Y
,프리,,,0.0,0.0,0,Y
,"피닉스 절단석 @ 4""",,,500.0,1000.0,0,Y
,"피닉스 절단석 @ 5""",,,0.0,600.0,0,Y
,한국웰드텍 WR 골드용접봉 @3.2파이,,,0.0,0.0,0,Y
,할인,,,6000.0,4000.0,0,Y
,"홈툴즈 절단석 @ 4""",,,240.0,400.0,0,Y
,화물비,,,130000.0,3600.0,0,Y
,황사마스크KF94 /아이엔티,,,0.0,1400.0,0,Y
,회전하는 모기채 SIK002 @ 건전지타입,,,4500.0,4500.0,0,Y
,회전하는 모기채 SIK003 @ 충전식,,,5500.0,5500.0,0,Y
,"효성D&D다이아몬드날 도로컷팅날 @ 16""",,,0.0,65000.0,0,Y
,후레쉬(2800),,,15000.0,15000.0,0,Y
,페어드 연마석 @ 4인치*6T,,,400.0,0.0,0,Y
,보쉬 충전임팩드라이버+렌치GDX18V-200C@1H,,,306130.0,0.0,0,Y
,디월트충전드릴 DCD791P2,,,0.0,36600.0,0,Y
,결제,,,0.0,0.0,0,Y
,"대광연마 @ 5""",,,550.0,700.0,0,Y
,"대광연마@ 4""",,,450.0,600.0,0,Y
,"레지톤 금란 @ 4""",,,1350.0,0.0,0,Y
,"제일 절단석 PS-GOLD @ 14"" ②",,,3000.0,3200.0,0,Y
,"페어드절단석(SG-E)@ 4"" *0.8T",,,0.0,1100.0,0,Y
,디월트충전드릴 DCF620D2K 18V 2AH,,,399000.0,400000.0,0,Y
,"대광연마 절단석(소프트타입)@ 5""",,,0.0,1400.0,0,Y
,"대광연마 절단석(소프트타입) @ 5""",,,500.0,0.0,0,Y
,"페어드 절단석 @ 4""*1.0알루미늄",,,1800.0,2000.0,0,Y
,"부직포 #96 PAD 6""*9""",,,660.0,800.0,0,Y
,디월트 DCF880P2임팩렌치,,,0.0,364000.0,0,Y
,퓨에어 KF94마스크,,,150.0,150.0,0,Y
,마키다 충전디스크그라인더 DGA402RTE,,,286256.0,15.0,0,Y
,3M 귀마개1260 Ear Plug,,,0.0,0.0,0,Y
,"3M절단석 SILVER/53070 @4""*1T*16MM",,,1150.0,1150.0,0,Y
,3M 컬러그립 오렌지 L,,,0.0,1550.0,0,Y
,3M 컬러그립 그린 M,,,1470.0,0.0,0,Y
,3M 컬러그립 오렌지 M,,,1470.0,1550.0,0,Y
,아임삭 충전드릴 AD-618R,,,185218.0,185218.0,0,Y
,컷쇼날 S-1022EHM(특수용/스텐),,,24027.0,25300.0,0,Y
,"컷쇼날 S-1122VF(목재,철재,알루미늄,유리",,,13350.0,14100.0,0,Y
,컷쇼날 S-1122BF(철재용,,,14240.0,15000.0,0,Y
,"티롤릿 마른날 콘크리트용 @4""",,,3900.0,5000.0,0,Y
,"티롤릿 마른날 콘크리트용 @5""",,,9300.0,11000.0,0,Y
,"제일 절단석 PS-GOLD @5""",,,1700.0,2000.0,0,Y
,제일 탁상용 연마석 GC80MV1 150*25*15,,,7000.0,0.0,0,Y
,"3D프리미엄 @4""",,,0.0,500.0,0,Y
,제일 탁상용 연마석 GC80MV1 125*13.5*12.5,,,4800.0,8000.0,0,Y
,제일 탁상요 연마석 GC80MV 205*25*25.4,,,0.0,17000.0,0,Y
,동해 롱홀쏘 DH-412L,,,29000.0,29000.0,0,Y
,"티롤릿 절단석 (new)블루 @ 4""",,,760.0,1200.0,0,Y
,"5""안전커버",,,500.0,1500.0,0,Y
,디월트 충전식 전기 체인톱DCM575*2,,,540000.0,557000.0,0,Y
,Jway KF94마스크,,,91.0,100.0,0,Y
,솔+ 일회용마스크(덴탈 흰색),,,18.0,50.0,0,Y
,3M 테이프 기밀 #4411D(GRAY @ 48MM*4M,,,23400.0,25000.0,0,Y
,기타,,,0.0,2000000.0,0,Y
,"컷쇼날 S9122HF(목재,철재,알루미늄)보쉬",,,7590.0,7800.0,0,Y
,"컷쇼날 S-1122HF(목재,철재,알루미늄)보쉬",,,0.0,11000.0,0,Y
,컷쇼날 S-1542K(목재용),,,0.0,18500.0,0,Y
,3M 넥가드(PN1000) #다크그레이,,,8000.0,8500.0,0,Y
,3M 넥가드(PN1000) #그레이,,,8000.0,8500.0,0,Y
,3M 넥가드(PN1000) #블루,,,8000.0,8500.0,0,Y
,3M 쿨토시(PS2000) #블랙,,,2450.0,2700.0,0,Y
,3M 쿨토시(PS2000) #라이트그레이,,,2450.0,2450.0,0,Y
,3M 쿨토시(PS2000) #SEABLUE,,,2450.0,3000.0,0,Y
,"J ONE 프리미엄 절단석 @5""",,,700.0,1000.0,0,Y
,"제일 절단석 PS-GOLD @ 4""",,,800.0,0.0,0,Y
,"피셔절단석 @ 4""",,,390.0,440.0,0,Y
,3MRO 덴탈 블랙마스크,,,65.0,100.0,0,Y
,3M 장갑 칼라그립 블루L,,,1470.0,1470.0,0,Y
,3M 장갑 칼라그립 블루M,,,0.0,1470.0,0,Y
,퓨어라이프 KF94 새부리형,,,170.0,150.0,0,Y
,노튼 익스퍼트 플랩디스크 @ #120,,,0.0,550.0,0,Y
,"피셔절단석 @ 5""",,,500.0,500.0,0,Y
,에이스 KF94마스크,,,95.0,130.0,0,Y
,블루,,,0.0,0.0,0,Y
,3M 방진마스크 @ 9913V,,,2200.0,0.0,0,Y
,다존 블랙 KF94 마스크,,,118.0,109.0,0,Y
,와이엠 KF94 마스크,,,100.0,200.0,0,Y
,자화기(자석),,,600.0,600.0,0,Y
,TU 세라믹디스크,,,0.0,1600.0,0,Y
,3M 컬러그립 그린 @ L,,,1470.0,0.0,0,Y
,골프장갑,,,12500.0,0.0,0,Y
,"보쉬 절단석 x-lock @ 5""*1.0t",,,1001.0,1100.0,0,Y
,컷쇼날 S922BF(철재용),,,10942.0,11500.0,0,Y
,"이화 콘크리트 컷팅날 @ 18""",,,138820.0,155000.0,0,Y
,케이케어 KF94 마스크,,,95.0,180.0,0,Y
,클린O2 KF94 마스크,,,0.0,0.0,0,Y
,용접봉 골든브릿지 솔리드 @ 1.4mm,,,0.0,0.0,0,Y
,3M 쿨토시(PS2000) #화이트,,,2450.0,0.0,0,Y
,3M 넥쿨러(PN1000) #블루,,,7800.0,0.0,0,Y
,"피셔절단석 4""*105*1.0*16 독일제",,,1050.0,900.0,0,Y
,"피셔절단석 4""*125*1.3*16 독일제",,,1100.0,1100.0,0,Y
,디월트 햄머드릴 DCD996P2 18V 5AH,,,0.0,440000.0,0,Y
,"3M DISC-PAD CUP @ 4""",,,800.0,0.0,0,Y
,TOOL-전동(4CG-2),,,26000.0,0.0,0,Y
,"이화 마른날 @8""*3.1T*22mm M4RS",,,45349.0,0.0,0,Y
,DAIWA 손타카 H13(13mm) DT-3,,,17091.0,18500.0,0,Y
,트러스트 스피드 디스크컷 @ #60,,,560.0,560.0,0,Y
,트러스트 스피드 디스크컷 @ #80,,,560.0,560.0,0,Y
,"뉴 레즈본2 절단석 @ 5""",,,500.0,900.0,0,Y
,"뉴 레즈본2 절단석 @ 4""",,,400.0,500.0,0,Y
,청소기,,,135117.0,0.0,0,Y
,"블랙불 만능 연마휠 @4""",,,11000.0,11500.0,0,Y
,디펜코 블랙 덴탈마스크,,,70.0,70.0,0,Y
,"블랙불 원터치 첼라 @ 8""",,,12000.0,13000.0,0,Y
,"블랙불 원터치 첼라 @ 10""",,,13500.0,14500.0,0,Y
,산업용선풍기,,,0.0,102462.0,0,Y
,계양 컷쇼 RS-1300,,,120280.0,125000.0,0,Y
,해맑은 일회용 마스크,,,0.0,40.0,0,Y
,3M MRO 스프레이 #99 @ 455ml,,,5200.0,0.0,0,Y
,DAIMON키레스척세트(원터치/비트타입) DOK0,,,13395.0,14000.0,0,Y
,디월트 충전 임팩드리이버@베어툴,,,0.0,0.0,0,Y
,휘 KF94 황사방역마스크,,,0.0,150.0,0,Y
,디월트 DCF801N 충전드릴12V @ 베어툴,,,0.0,0.0,0,Y
,다이아세븐-팁쇼 목공용(충전원형톱용) @6.,,,7524.0,7900.0,0,Y
,"DAIWA팁쇼(목공용) @ 6.5"" *20*48T",,,16366.0,17200.0,0,Y
,"이화 물날(터보날)TB1 @ 5""",,,13049.0,13700.0,0,Y
,"이화 컵휠(S/평컵플러스) @4""*15MM",,,22306.0,23400.0,0,Y
,"히화 컵휠(B/일반컵) M51 @ 4"" *4.5T*15MM",,,22306.0,23000.0,0,Y
,3M 안전용품,,,0.0,9000000.0,0,Y
,디월트 DCF894P2 미드토크 임팩렌치,,,393000.0,405000.0,0,Y
,3M 방독면필름 6885-100,,,500.0,500.0,0,Y
,SOLO 기어렌치 SGP-24 @ 24mm,,,7648.0,8100.0,0,Y
,SOLO 기어렌치 SGP-27 @ 27mm,,,9291.0,12000.0,0,Y
,SOLO 기어렌치 SGP-30 @ 30mm,,,11210.0,9800.0,0,Y
,SOLO 기어렌치 SGP-32 @ 32mm,,,12350.0,0.0,0,Y
,DAIWA 손타카 DT-3(H13 13mm),,,18364.0,19500.0,0,Y
,"이화 컵휠(S/평컵플러스)K52# @ 7""*22mm",,,55893.0,60000.0,0,Y
,동해 초경홀쓰 DH-412(22mm),,,6916.0,7300.0,0,Y
,동해 초경홀쓰 DH-412(24mm),,,6916.0,7300.0,0,Y
,동해 초경홀쓰 DH-412(26mm),,,7116.0,7500.0,0,Y
,동해 초경홀쓰 DH-412(28mm),,,0.0,7500.0,0,Y
,동해 초경홀쓰 DH-412(32mm),,,7847.0,8300.0,0,Y
,동해 초경홀쓰 DH-412(38mm),,,10175.0,10800.0,0,Y
,동해 초경홀쓰 DH-412(48mm),,,15761.0,17000.0,0,Y
,동해 초경홀쓰 DH-412(55mm),,,15761.0,17000.0,0,Y
,동해 초경홀쓰 DH-412(65mm),,,17756.0,19000.0,0,Y
,MORSE 롱홀쏘(바이메탈)MHS 1-1/4 @32mm,,,5938.0,6300.0,0,Y
,MORSE 롱홀쏘(바이메탈)MHS 1-1/2 @ 38mm,,,6175.0,6500.0,0,Y
,MORSE 롱홀쏘(바이메탈)MHS 1-7/8 @ 48mm,,,7553.0,8000.0,0,Y
,TAJIMA 컷터칼 LC-650BL (25mm),,,6375.0,6750.0,0,Y
,TAJIMA 컷터칼날 LCB-65 (1통=10ea) 25mm),,,7049.0,7500.0,0,Y
,※3M절단석8월1일자5%인상,,,0.0,0.0,0,Y
,3M 보안경 SF402 AF,,,4200.0,5000.0,0,Y
,3M테이프 양면 #5069 @ 12MM*3M,,,900.0,0.0,0,Y
,3M테이프 양면 #5069 @ 25MM*3M,,,1870.0,0.0,0,Y
,3M테이프 양면 #5069 @ 50MM*3M,,,3750.0,0.0,0,Y
,퓨어라이프 새부리블랙 KF94,,,230.0,250.0,0,Y
,3M 6006K 정화통 @ 복합가스,,,10000.0,10000.0,0,Y
,"티롤릿 플랩휠디스크 #60 @ 4""",,,0.0,0.0,0,Y
,"티롤릿 플랩휠디스크 #40 @ 4""",,,0.0,0.0,0,Y
,"티롤릿 플랩휠디스크 #80 @ 4""",,,0.0,0.0,0,Y
,"티롤릿 플랩휠디스크 #120 @ 4""",,,0.0,0.0,0,Y
,"티롤릿 다이아몬드 도로용@ 16""",,,82000.0,100000.0,0,Y
,"TU 세라믹화이버디스크 @ 4""",,,700.0,1000.0,0,Y
,카이마해바라기 @ #80,,,0.0,0.0,0,Y
,"티롤릿 터보날 타일용 @ 4""",,,3800.0,4000.0,0,Y
,뉴엠 KF94마스크,,,90.0,100.0,0,Y
,위머스트 KF94마스크,,,95.0,150.0,0,Y
,"티롤릿 터보날 타일용 @ 5""",,,5800.0,6200.0,0,Y
,"티롤릿 멀티날 @ 4""",,,5500.0,6000.0,0,Y
,장부 착오분,,,0.0,0.0,0,Y
,정정,,,0.0,0.0,0,Y
,"3D 프리미엄 절단석 @ 4""",,,0.0,0.0,0,Y
,"3D 프리미엄 절단석 @ 5""",,,0.0,1500.0,0,Y
,"카이마 파워휠페파 @ 4""#60 4""*16",,,500.0,700.0,0,Y
,"카이마 파워휠페파 @ 4""#40 4""*16",,,500.0,0.0,0,Y
,"카이마 파워휠페파 @ 4""#80 4""*16",,,500.0,0.0,0,Y
,"카이마 파워휠페파 @ 4""#120 4""*16",,,500.0,0.0,0,Y
,"앙코르 절단석 @ 5""",,,0.0,0.0,0,Y
,도담16호,,,15000.0,0.0,0,Y
,사랑나눔15호,,,13000.0,0.0,0,Y
,"티롤릿 멀티날 @ 5""",,,8700.0,12000.0,0,Y
,* 아래는 택배발송건임,,,0.0,0.0,0,Y
,반환,,,0.0,0.0,0,Y
,개인,,,5808000.0,0.0,0,Y
,차영연마 날개페파 100*16 @ #80- 45p,,,500.0,700.0,0,Y
,"피셔절단석 5""*125*1.3*16 독일제",,,1200.0,1300.0,0,Y
,3M 테이프-OPP(372KS/TRANS)@ 48*40M투명,,,0.0,0.0,0,Y
,"절단석 4""-16 스포르팅",,,400.0,600.0,0,Y
,트러스트 스피드 디스크컷 @ #40,,,560.0,560.0,0,Y
,"클링스포 절단석 @ 7""",,,2500.0,3000.0,0,Y
,트러스트 스피드 디스크컷 @ #120,,,560.0,560.0,0,Y
,로디우스 9인치절단석 @ 230*1.9*22.23,,,3700.0,3700.0,0,Y
,스포르팅 절단석 @ 5인치 * 16MM,,,500.0,178.0,0,Y
,센툴 함마드리이버 SHT-1440 @ 14*40MM,,,12570.0,13450.0,0,Y
,스포르팅 절단석 @ 4인치 * 16MM,,,400.0,600.0,0,Y
,티롤릿 파트너 절단석 @ 16인치 * 405*4*23,,,18000.0,30000.0,0,Y
,SOLO 콤비네이션렌치 CW-50 @ 50mm,,,20903.0,21950.0,0,Y
,ARS 전지가위 120DX-K @ 190mm,,,18053.0,18960.0,0,Y
,"이화 마른날 HCG @ 5"" *2.0T*22.23mm",,,17150.0,18000.0,0,Y
,"이화 마른날 M5S @ 7"" *2.4T*22mm",,,30144.0,31650.0,0,Y
,"이화 마른날 M4RS @ 8"" *3.1T *22mm",,,46304.0,48620.0,0,Y
,"이화 컵휠(S/평컵플러스)K52#7 @ 7""*22mm",,,57075.0,60000.0,0,Y
,아임삭 충천임팩렌치(브러쉬리스) BL18Q605,,,249744.0,262200.0,0,Y
,스틸포스 플라즈마커팅기용 노즐캡,,,7100.0,0.0,0,Y
,"자르고 절단석 @ 4""*16MM",,,360.0,700.0,0,Y
,"자르고 절단석 @ 5""*16MM",,,450.0,800.0,0,Y
,"자르고 절단석 @ 7""",,,900.0,1500.0,0,Y
,"티롤릿 절단석 블루 @ 5""내경22MM",,,960.0,1600.0,0,Y
,스틸 파트너 절단석 @ 16인치,,,34000.0,0.0,0,Y
,계양팁쇼목공용/T형 국산 @185*60*2.8*19,,,0.0,15000.0,0,Y
,계양팁쇼목공용/중국산 @ 185*60*2.5*19,,,0.0,8500.0,0,Y
,SB 뉴하디자석수평기 18(450mm) NHMV3-18,,,0.0,13100.0,0,Y
,밀워키임팩(M18-FIDS2-502X)젠3,,,311400.0,340000.0,0,Y
,SB 스타프 5m5단 ST-55M,,,0.0,28900.0,0,Y
,DAIMON 키레스척세트(원터치/빗트타입) @~M,,,0.0,14700.0,0,Y
,SB 뉴하디수평기 40(1000mm) NHV3-40,,,0.0,0.0,0,Y
,SB 뉴하디수평기 72(1800mm) NHV4-72,,,0.0,23000.0,0,Y
,SB 뉴하디수평기 48(1200mm) NHV3-48,,,0.0,0.0,0,Y
,밀워키그라인더 M18-FSAG100X-502X)신형,,,342900.0,375000.0,0,Y
,SB 뉴하디수평기 60(1500mm) NHV4-60,,,0.0,0.0,0,Y
,밀워키 원형톱(M18-CCS55-OX)6.5인치,,,238500.0,255000.0,0,Y
,밀워키 송풍기(M18-BBL-O)배어툴,,,70200.0,0.0,0,Y
,밀워키 송풍기(M18-BBL-O),,,0.0,75000.0,0,Y
,제일연마 컵돌연마석 @ 3인치,,,0.0,1260.0,0,Y
,키퍼미골드 KF94마스크,,,95.0,120.0,0,Y
,밀워키 M18 CBLPD 충천해머드릴 하드케이스,,,103500.0,0.0,0,Y
,밀워키 M18 BBL-0 블로어,,,74700.0,0.0,0,Y
,밀워키 충전기 M12-18FC(급속충전기),,,47700.0,0.0,0,Y
,밀워키 배터리 M18-B5 -5AM,,,74700.0,0.0,0,Y
,3M테이프 양면 #4421 @ 1200MM*10M,,,123000.0,0.0,0,Y
,3M테이프 양면 #4421 @ 1200MM*12MM,,,0.0,1770.0,0,Y
,3M테이프 양면 #4421 @ 1200MM*24MM,,,0.0,3540.0,0,Y
,3M테이프 양면 #4421 @ 1200MM*50MM,,,0.0,7380.0,0,Y
,EMK 연마석 @ 5인치,,,600.0,800.0,0,Y
,DAIWA 손타카 DT-3,,,18364.0,0.0,0,Y
,"삼원 팁쇼 목공용/TRP(ST) @ 14""*3*25.4*T",,,42307.0,45000.0,0,Y
,"계양 디스크 그라인더DG-230FB @ 9""",,,188817.0,198000.0,0,Y
,EMK 절단석 @ 7인치,,,1200.0,1500.0,0,Y
,이화 마른날 @ 8인치 *3.1mm,,,0.0,42000.0,0,Y
,제이투메카 KF94마스크,,,0.0,150.0,0,Y
,마스크,,,0.0,130.0,0,Y
,희망가득 21호,,,16000.0,0.0,0,Y
,순수한 새부리형 KF94마스크,,,0.0,200.0,0,Y
,3M 장갑 칼라그립 그린L,,,0.0,1420.0,0,Y
,3M 장갑 칼라그립 그린M,,,0.0,1420.0,0,Y
,3M 장갑 칼라그립 오렌지M,,,0.0,0.0,0,Y
,3M 장갑 칼라그립 오렌지L,,,0.0,0.0,0,Y
,켈코절단석 @ 4인치,,,500.0,550.0,0,Y
,켈코절단석 @ 5인치,,,630.0,800.0,0,Y
,래피젠 코로나 자가진단키트,,,4300.0,0.0,0,Y
,아임삭 충천임팩렌치(브러쉬리스) BL18X705,,,280161.0,0.0,0,Y
,계양 그라인더 @ ACT-100SN II,,,45268.0,45000.0,0,Y
,진열장,,,717120.0,717120.0,0,Y
,빠우(코팅),,,1700.0,2000.0,0,Y
,앵글 IV2.0,,,717120.0,0.0,0,Y
,GMG 장갑 소프트그립L2001 @ S,,,1458.0,1100.0,0,Y
,GMG 장갑 소프트그립L2001 @ M,,,1458.0,1100.0,0,Y
,GMG 장갑 소프트그립L2001 @ L,,,1458.0,1100.0,0,Y
,GMG 장갑 에코그립 W2002 @ M,,,1875.0,1900.0,0,Y
,GMG 장갑 에코그립 W2002 @ L,,,1875.0,1150.0,0,Y
,GMG 장갑 컴포트그립 L2002 @ S,,,1666.0,0.0,0,Y
,GMG 장갑 컴포트그립 L2002 @ M,,,1666.0,0.0,0,Y
,GMG 장갑 컴포트그립 L2002 @ L,,,1666.0,1250.0,0,Y
,GMG 장갑 진동방지 L8000 @ M,,,3229.0,0.0,0,Y
,순수한 새부리형 블랙 KF94마스크,,,88.0,200.0,0,Y
,GMG 장갑 진동방지 L8000 @ L,,,3229.0,0.0,0,Y
,GMG 장갑 진동방지 L8000 @ XL,,,3229.0,0.0,0,Y
,GMG 장갑 워터타이트(완전방수)L2005 @ S,,,1770.0,1700.0,0,Y
,GMG 장갑 워터타이트(완전방수)L2005 @ M,,,1770.0,1700.0,0,Y
,GMG 장갑 워터타이트(완전방수)L2005 @ L,,,1770.0,1350.0,0,Y
,GMG 장갑 워터타이트(완전방수)L2005 @ XL,,,1770.0,1900.0,0,Y
,GMG 장갑 CUT-5절단방지 T2000 @ M,,,3541.0,0.0,0,Y
,GMG 장갑 CUT-5절단방지 T2000 @ XL,,,3541.0,0.0,0,Y
,GMG 장갑 손등방지 TX5000 @ M,,,10208.0,10000.0,0,Y
,GMG 장갑 손등방지 TX5000 @ L,,,10208.0,10208.0,0,Y
,GMG 장갑 손등방지 TX5000 @ XL,,,10208.0,0.0,0,Y
,GMG 장갑 엔지니어그립 N2002 @ S,,,2291.0,0.0,0,Y
,GMG 장갑 에어그립 KR-L2001A @ M,,,1562.0,1100.0,0,Y
,GMG 장갑 에어그립 KR-L2001A @ L,,,1562.0,1100.0,0,Y
,GMG 장갑 에어그립 KR-L2001A @ S,,,0.0,0.0,0,Y
,GMG 장갑 엔지니어그립 N2002 @ M,,,2291.0,1650.0,0,Y
,GMG 장갑 엔지니어그립 N2002 @ L,,,2291.0,1650.0,0,Y
,GMG 장갑 엔지니어그립 N2002 @ XL,,,2291.0,0.0,0,Y
,"DCK 그라인더 KSM13-100 @ 4""",,,22000.0,15000.0,0,Y
,레즈본 플랩디스크 #40,,,0.0,0.0,0,Y
,레즈본 플랩디스크 #60,,,600.0,650.0,0,Y
,레즈본 플랩디스크 #80,,,600.0,650.0,0,Y
,"DCK 그라인더 KSM03-100A @ 4""",,,19000.0,19000.0,0,Y
,"DCK 그라인더 KSM05-230/3,000W 2 9""",,,86000.0,0.0,0,Y
,"제일 연마석 흑돌 @ 7""*6T",,,1100.0,1470.0,0,Y
,엣지 컵,,,12000.0,0.0,0,Y
,안티코비쿨 덴탈마스크,,,0.0,0.0,0,Y
,스틸포스 4인치 속도조절 그라인더(TH-100G,,,0.0,50000.0,0,Y
,스틸포스 4인치 세이버 그라인더(TH-100SG),,,35000.0,40000.0,0,Y
,샘플 가격 전산정리,,,0.0,0.0,0,Y
,스틸포스 금속용톱날 @ 14 (TH-SC355SB),,,62000.0,90000.0,0,Y
,스틸포스 금속절단기 @ 14 (TH-SC355),,,340000.0,410000.0,0,Y
,"스틸 절단석 주철관용 @ 14""",,,0.0,26000.0,0,Y
,"스틸포스 절단석 @ 5""",,,400.0,700.0,0,Y
,GMG 장갑 CUT-5절단방지 T2000 @ L,,,2300.0,0.0,0,Y
,계양 충전디스크그라인더 DG18BL-100S,,,0.0,0.0,0,Y
,스틸포스 플라즈마커팅기@TH-PC45LCD,,,666000.0,800000.0,0,Y
,3M 3303K-100 Car tridge,,,4500.0,5000.0,0,Y
,그린웍스 전기톱 CSA802/220V*1600W*5.2kg,,,105000.0,90000.0,0,Y
,"스틸포스 금속용톱날 @12"" (TH-SC305SB)",,,55000.0,90000.0,0,Y
,"스틸포스 금속용톱날 @10"" (TH-SC255SB)",,,42000.0,60000.0,0,Y
,"3M 절단석 65139(큐비트론) @ 5""",,,0.0,3700.0,0,Y
,GMG 장갑 컷팅세이프티 T2000 @ L,,,0.0,3500.0,0,Y
,GMG 장갑 컷팅세이프티 T2000 @ M,,,0.0,3500.0,0,Y
,GMG 장갑 타격방지 TX5000 @ L,,,0.0,10000.0,0,Y
,GMG 장갑 타격방지 TX5000 @ M,,,0.0,10000.0,0,Y
,앵글,,,74120.0,0.0,0,Y
,스틸포스 플라즈마커팅기용 노즐팁,,,1450.0,2000.0,0,Y
,스틸포스 플라즈마커텅기용 전극,,,0.0,1300.0,0,Y
,스틸포스 플라즈마커팅기용 가이드링,,,0.0,0.0,0,Y
,스틸포스 플라즈마커팅기용 오리피스,,,0.0,7200.0,0,Y
,"이화 콘크리트 컷팅날(마른) @ 8""",,,41430.0,0.0,0,Y
,"스틸포스 다이아 멀티날 @ 4""(TH-DW105)",,,5500.0,5500.0,0,Y
,"스틸포스 다이아 멀티날 @ 5""(TH-DW125)",,,9000.0,9000.0,0,Y
,이화컵휠(S/평컵플러스) @ 4인치,,,22776.0,23000.0,0,Y
,컷쇼날 S-1130CF(특수용),,,27078.0,0.0,0,Y
,"이화 타일 컷팅날 @ 7""",,,17677.0,18500.0,0,Y
,"이화 타일 컷팅날 @ 8""",,,18931.0,20000.0,0,Y
,"그라인더 원터치 마술만조 MA-KB @ 4""",,,6770.0,5500.0,0,Y
,3M 테이프 기밀 #4411N(WHITE @ 38MM*4.5M,,,16950.0,18500.0,0,Y
,미수금,,,0.0,914000.0,0,Y
,오성 무성충전그라인더,,,0.0,0.0,0,Y
,"이화 마른날 @ 9"" *2.7t",,,48790.0,0.0,0,Y
,SF3701AS OTG보안경,,,7500.0,8300.0,0,Y
,3M테이프 양면 #5068 @ 50MM*1.4M,,,1870.0,2100.0,0,Y
,다몬건식코아(세트) @ ∮25,,,0.0,0.0,0,Y
,다몬건식코아(세트) @ ∮28,,,0.0,0.0,0,Y
,다몬건식코아(세트) @ ∮30,,,0.0,0.0,0,Y
,다몬건식코아(세트) @ ∮40,,,0.0,0.0,0,Y
,다몬건식코아(세트) @ ∮45,,,0.0,0.0,0,Y
,다몬건식코아(세트) @ ∮55,,,0.0,0.0,0,Y
,다몬건식코아(세트) @ ∮60,,,0.0,0.0,0,Y
,다몬건식코아(세트) @ ∮65,,,20800.0,34000.0,0,Y
,다몬건식코아(세트) @ ∮70,,,0.0,0.0,0,Y
,다몬건식코아(세트) @ ∮75,,,0.0,0.0,0,Y
,다몬건식코아(세트) @ ∮80,,,0.0,0.0,0,Y
,다몬건식코아(세트) @ ∮90(88),,,31300.0,36000.0,0,Y
,다몬건식코아(세트) @ ∮100(108),,,0.0,0.0,0,Y
,다몬건식코아(세트) @ ∮125,,,36900.0,42400.0,0,Y
,다몬건식코아(세트) @ ∮158,,,0.0,0.0,0,Y
,다몬 건식코아 비트 @ ∮28,,,0.0,0.0,0,Y
,다몬 건식코아 비트 @ ∮25,,,0.0,0.0,0,Y
,다몬 건식코아 비트 @ ∮30,,,0.0,0.0,0,Y
,다몬 건식코아 비트 @ ∮40,,,0.0,0.0,0,Y
,다몬 건식코아 비트 @ ∮45,,,0.0,0.0,0,Y
,다몬 건식코아 비트 @ ∮55,,,0.0,0.0,0,Y
,다몬 건식코아 비트 @ ∮60,,,0.0,0.0,0,Y
,다몬 건식코아 비트 @ ∮65,,,13900.0,13900.0,0,Y
,다몬 건식코아 비트 @ ∮70,,,0.0,0.0,0,Y
,다몬 건식코아 비트 @ ∮75,,,0.0,0.0,0,Y
,다몬 건식코아 비트 @ ∮80,,,17100.0,17100.0,0,Y
,다몬 건식코아 비트 @ ∮90(88),,,18200.0,18200.0,0,Y
,다몬 건식코아 비트 @ ∮100(108),,,0.0,0.0,0,Y
,다몬 건식코아 비트 @ ∮125,,,0.0,0.0,0,Y
,다몬 건식코아 비트 @ ∮158,,,23500.0,23500.0,0,Y
,다몬 건식코아 튜브 @ ∮25,,,0.0,0.0,0,Y
,다몬 건식코아 튜브 @ ∮28,,,0.0,0.0,0,Y
,다몬 건식코아 튜브 @ ∮30,,,0.0,0.0,0,Y
,다몬 건식코아 튜브 @ ∮60,,,0.0,0.0,0,Y
,다몬 건식코아 튜브 @ ∮45,,,0.0,0.0,0,Y
,다몬 건식코아 튜브 @ ∮55,,,0.0,0.0,0,Y
,다몬 건식코아 튜브 @ ∮40,,,0.0,0.0,0,Y
,다몬 건식코아 튜브 @ ∮65,,,3700.0,3700.0,0,Y
,다몬 건식코아 튜브 @ ∮70,,,0.0,0.0,0,Y
,다몬 건식코아 튜브 @ ∮75,,,0.0,0.0,0,Y
,다몬 건식코아 튜브 @ ∮80,,,0.0,0.0,0,Y
,다몬 건식코아 튜브 @ ∮90(88),,,7900.0,7900.0,0,Y
,다몬 건식코아 튜브 @ ∮100(108),,,0.0,0.0,0,Y
,다몬 건식코아 튜브 @ ∮125,,,0.0,0.0,0,Y
,다몬 건식코아 튜브 @ ∮158,,,14900.0,14900.0,0,Y
,다몬 건식코아 헤드 @ ∮25,,,0.0,0.0,0,Y
,다몬 건식코아 헤드 @ ∮28,,,0.0,0.0,0,Y
,다몬 건식코아 헤드 @ ∮30,,,0.0,0.0,0,Y
,다몬 건식코아 헤드 @ ∮40,,,0.0,0.0,0,Y
,다몬 건식코아 헤드 @ ∮45,,,0.0,0.0,0,Y
,다몬 건식코아 헤드 @ ∮55,,,0.0,0.0,0,Y
,다몬 건식코아 헤드 @ ∮60,,,0.0,0.0,0,Y
,다몬 건식코아 헤드 @ ∮65,,,3200.0,3200.0,0,Y
,다몬 건식코아 헤드 @ ∮70,,,0.0,0.0,0,Y
,다몬 건식코아 헤드 @ ∮75,,,0.0,0.0,0,Y
,다몬 건식코아 헤드 @ ∮80,,,0.0,0.0,0,Y
,다몬 건식코아 헤드 @ ∮90(88),,,5200.0,5200.0,0,Y
,다몬 건식코아 헤드 @ ∮100(108),,,0.0,0.0,0,Y
,다몬 건식코아 헤드 @ ∮125,,,0.0,0.0,0,Y
,다몬 건식코아 헤드 @ ∮158,,,8700.0,0.0,0,Y
,"다몬 알파 도로날 @ 16""*3.2t",,,93000.0,93000.0,0,Y
,"그라인더 원터치 마술만조  @ 4""",,,0.0,6500.0,0,Y
,"제일 절단석 WA @ 4""*2t",,,580.0,650.0,0,Y
,크라우드 폼건(오토락)KR-A1,,,11300.0,14000.0,0,Y
,크라우드 폼건(오토락)KR-A2,,,9800.0,12000.0,0,Y
,"이화 콘크리트 컷팅날 @ 14""",,,96830.0,100000.0,0,Y
,사랑존경 28호,,,21000.0,0.0,0,Y
,"3M절단석 72653 @ 4""",,,0.0,500.0,0,Y
,DCK 충전그라인더 @ 20V 4AH,,,120000.0,0.0,0,Y
,KF94황사 마스크,,,105.0,0.0,0,Y
,사랑존경 12호,,,11000.0,0.0,0,Y
,"에이스 옵셋 WA @ 4""*6T",,,560.0,660.0,0,Y
,북성공업 예초기 @ BC40F3,,,225000.0,250000.0,0,Y
,마술만조 MD414(마키다/디월트),,,5000.0,6000.0,0,Y
,마술만조 KB412(계량/보쉬/3M/스틸포스),,,5000.0,5500.0,0,Y
,"3M 절단석 53070(실버) @ 4""",,,1150.0,1350.0,0,Y
,GMG 장갑 웜그립L2005W @ XL,,,2750.0,3000.0,0,Y
,GMG 장갑 웜그립L2005W @ L,,,2750.0,3500.0,0,Y
,보쉬 SDS드릴 S4L(1)@17*150*215,,,9730.0,10200.0,0,Y
,말표 용접앞치마,,,5921.0,0.0,0,Y
,JM 안티코비 덴탈마스크,,,0.0,40.0,0,Y
,"알파연마디스크샌더빼빠@5""-8H#180",,,100.0,130.0,0,Y
,"알파연마디스크샌더빼빠@5""-8H#60",,,130.0,130.0,0,Y
,"알파연마디스크샌더빼빠@5""-8H#80",,,130.0,130.0,0,Y
,"알파연마디스크샌더빼빠@5""-8H#120",,,100.0,130.0,0,Y
,"알파연마디스크샌더빼빠@5""-8H#220",,,100.0,130.0,0,Y
,"알파연마디스크샌더빼빠@5""-8H#320",,,100.0,130.0,0,Y
,"알파연마디스크샌더빼빠@5""-8H#400",,,100.0,130.0,0,Y
,"알파연마디스크샌더빼빠@5""-8H#600",,,100.0,130.0,0,Y
,"알파연마디스크샌더빼빠 @ 4""-#60",,,90.0,100.0,0,Y
,"알파연마디스크샌더빼빠 @ 4""-#80",,,80.0,100.0,0,Y
,"알파연마디스크샌더빼빠 @ 4""-#120",,,80.0,100.0,0,Y
,"알파연마디스크샌더빼빠 @ 4""-#180",,,80.0,100.0,0,Y
,"알파연마디스크샌더빼빠 @ 4""-#220",,,80.0,100.0,0,Y
,"알파연마디스크샌더빼빠 @ 4""-#320",,,80.0,100.0,0,Y
,"알파연마디스크샌더빼빠 @ 4""-#400",,,80.0,100.0,0,Y
,"알파연마디스크샌더빼빠 @ 4""-#600",,,80.0,100.0,0,Y
,보쉬 SDS드릴 S4L(1)@14*150*215,,,9547.0,9800.0,0,Y
,"이화 콘크리트 마른날(베트남) @ 5""",,,17202.0,17700.0,0,Y
,바이스/바이킹ARM,,,211200.0,212000.0,0,Y
,스틸포스14인치 파이프용톱날,,,85000.0,110000.0,0,Y
,"레즈본 연마석 #36 @ 4""*3T",,,600.0,700.0,0,Y
,티롤릿 융착 코아비트HEX @ 6mm,,,5000.0,5000.0,0,Y
,3M테이프 양면 #5068 @ 48MM*1.4M,,,2100.0,2600.0,0,Y
,3M테이프 양면 #5068 @ 24MM*1.4M,,,1050.0,1300.0,0,Y
,"악티록스 디스크 AF799 #36 4""*16MM",,,1700.0,2600.0,0,Y
,"악티록스 디스크 AF799 #60 4""*16MM",,,1700.0,0.0,0,Y
,티롤릿 융착 코아비트HEX @ 6.5mm,,,5000.0,5000.0,0,Y
,티롤릿 융착 코아비트HEX @ 8mm,,,5000.0,5000.0,0,Y
,"다잘라컷팅날 @ 22""",,,8800.0,9700.0,0,Y
,"M3 절단석 @ 7""",,,700.0,0.0,0,Y
,스타렉슨오토스트랩@38mm*4M,,,22800.0,25000.0,0,Y
,스타렉슨오토스트랩@25mm*4M,,,13200.0,14800.0,0,Y
,스타렉슨오토스트랩@18mm*2M,,,18000.0,13500.0,0,Y
,보쉬 SDS드릴 S4L(1)@16*150*215,,,11079.0,12000.0,0,Y
,MKK키레스척DKC-13,,,32018.0,0.0,0,Y
,MKK키레스척DKC-10,,,0.0,0.0,0,Y
,"벨로체절단석 @ 5""",,,294.0,294.0,0,Y
,벨로체 연마석 @ 4인치*6t,,,360.0,500.0,0,Y
,악티록스용 만조,,,0.0,5000.0,0,Y
,"벨로체절단석 리오시범판매용 @ 5""",,,0.0,0.0,0,Y
,"에이스 날개빼파 #60 @ 4""",,,500.0,0.0,0,Y
,"MCC볼트커터@18""/450mm BC18",,,40232.0,41000.0,0,Y
,"MCC볼트커터@14""/350mm BC14",,,31569.0,32000.0,0,Y
,ZINO목공드릴@10*6.35*120*185mm MD10,,,2611.0,2700.0,0,Y
,ZINO목공드릴@12*6.35*120*185mm MD12,,,0.0,3100.0,0,Y
,이화 타일날TB1@5*1.6T*15mm,,,14402.0,15500.0,0,Y
,보쉬 컷쇼날 특수용@S-930CF@150*22*1.6,,,25439.0,26000.0,0,Y
,태양파워(+) 육각함마드릴비트@14.3*280mm,,,11060.0,11300.0,0,Y
,"레지본절단석 @ 205(8"")*2.0T*22",,,1618.0,2000.0,0,Y
,3M 양면테이프 #4421(M)@ 1200MM*10M,,,135000.0,0.0,0,Y
,3M양면#4421(M)@1200MM*10M*48,,,0.0,3400.0,0,Y
,3M양면#4421(M)@1200MM*10M*24,,,0.0,0.0,0,Y
,터보 Premium 절단석 @ 4인치,,,290.0,500.0,0,Y
,터보 Premium 절단석 @ 5인치,,,360.0,650.0,0,Y
,케라퍼퓸 셀렉션33호,,,17000.0,0.0,0,Y
,태양파워 SDSPLUS드릴 네날@17*310,,,18339.0,19300.0,0,Y
,슈퍼 라쳇렌치RN-2427@24*27MM,,,28041.0,29500.0,0,Y
,ZINO 육각다가네@17*50*350,,,4218.0,44300.0,0,Y
,슈퍼 라쳇렌치RN-1922@19*22MM,,,23076.0,24230.0,0,Y
,슈퍼 라쳇렌치RN-1924@19*24MM,,,23076.0,24230.0,0,Y
,슈퍼 라쳇렌치RN-2430@24*30MM,,,15674.0,15674.0,0,Y
,"HERO 뺀치 HO-518C @ 8""",,,10260.0,10800.0,0,Y
,거래명세서 인쇄용지,,,0.0,0.0,0,Y
,"악티록스 백업패드 @ 5""",,,880.0,1500.0,0,Y
,"악티록스 백업패드 @ 4""",,,620.0,800.0,0,Y
,악티록스 만조,,,695.0,800.0,0,Y
,운임비,,,1500000.0,0.0,0,Y
,"이화 콘크리트 컷팅날 @ 20""",,,196750.0,219000.0,0,Y
,GMG 장갑 웜그립L2005W @ M,,,2850.0,3300.0,0,Y
,"ARM볼트커터 HA-350@14""*350MM",,,18977.0,20300.0,0,Y
,"악티록스디스크(만조+패드)@4""*#60",,,13400.0,17000.0,0,Y
,"악티록스디스크(만조+패드)@4""*#36",,,17000.0,17000.0,0,Y
,"ARM볼트커터 HA-450@18""*450MM",,,24566.0,26300.0,0,Y
,SOKKIA오토레벨 B-40A@24배다리별도,,,217621.0,225000.0,0,Y
,스틸포스 4인치 세이버 그라인더TH-100SG,,,0.0,0.0,0,Y
,스틸포스 4인치 속도조절 그라인더TH-100G,,,0.0,0.0,0,Y
,장갑 맨손 혹한기 @ L,,,0.0,3500.0,0,Y
,보쉬 SDS드릴 S4L(-)@22*200*250,,,20561.0,22000.0,0,Y
,보쉬 SDS드릴 7X @14*150*215(+),,,10593.0,11400.0,0,Y
,보쉬 SDS드릴 7X @17*150*215(+),,,19875.0,21300.0,0,Y
,3M 에어 롤록페이퍼 #36 3M 984F,,,0.0,0.0,0,Y
,"악티록스 디스크 AF799 #36 4""*16MM50장곽",,,0.0,0.0,0,Y
,DAIMON 비트아답타DBA-21@1/2Dr→BIT,,,8208.0,9000.0,0,Y
,DAIMON 소켓아답타DWA-38@ BIT→3/8Dr,,,8151.0,8900.0,0,Y
,태양파워(+)육각함마드릴비트@17.5*280mm,,,11827.0,13000.0,0,Y
,태양파워(+)육각함마드릴비트@25*280mm,,,15322.0,16500.0,0,Y
,"악티록스 디스크 AF799 #60 4""*16",,,0.0,1340.0,0,Y
,에이스,,,0.0,0.0,0,Y
,"악티록스디스크(만조+패드)@5""*#36",,,1850.0,22000.0,0,Y
,카드수수료,,,0.0,0.0,0,Y
,"3M 절단석 47420(큐3) @ 5""*1.0t*15.88mm",,,3450.0,3700.0,0,Y
,"이화 콘크리트 컷팅날(마른) @ 9""*2.7",,,52250.0,61000.0,0,Y
,"이화 콘크리트 컷팅날(마른) @ 10""*2.7",,,54630.0,65000.0,0,Y
,설렘31호,,,24000.0,0.0,0,Y
,보쉬 SDS드릴 S4L(-)@18*250*300,,,16283.0,17300.0,0,Y
,3M 장갑 컴포트그립 슈퍼폼 @ M,,,1680.0,0.0,0,Y
,"페어드 절단석 @ 5""(내경22mm)",,,1500.0,1700.0,0,Y
,"제일 WA옵셑 7""*8T*22",,,0.0,0.0,0,Y
,DAIMON 소켓아답타DWA-12@ BIT→1/2/Dr,,,8151.0,8900.0,0,Y
,"페어드CC-GRIND-ROBUST@ 5""",,,5300.0,6500.0,0,Y
,"3M 절단석 51791(실버) @ 5""",,,1200.0,1450.0,0,Y
,퀵서비스,,,0.0,0.0,0,Y
,"SANDING SPONGE 2601 UFN @ 4-1/2""*5-1/2""",,,1200.0,0.0,0,Y
,"SANDING SPONGE 2604 FIN @ 4-1/2""*5-1/2""",,,0.0,1300.0,0,Y
,3M 장갑 컴포트그립 슈퍼폼 @ L,,,1680.0,0.0,0,Y
,TURBO Premium 절단석 @ 4인치,,,348.0,600.0,0,Y
,TURBO Premium 절단석 @ 5인치,,,314.0,800.0,0,Y
,"악티록스디스크(만조+패드)@5""*#60",,,18000.0,19000.0,0,Y
,"신한 크랙보수용톱날 4""*10.5*15",,,43230.0,47000.0,0,Y
,"세신알루미늄파이프렌@24""*600mm",,,46094.0,50000.0,0,Y
,"세신알루미늄파이프렌@18""*450mm",,,30311.0,32500.0,0,Y
,슈퍼 라쳇렌치 RN-1924@19*24mm,,,23076.0,0.0,0,Y
,"페어드절단석(SG-PLUS)@ 4"" *0.8T",,,0.0,1100.0,0,Y
,세양 초경홀쏘T-TYPE @ 48mm,,,13304.0,14000.0,0,Y
,보쉬 SDS드릴 7X @22*200*250(+),,,42693.0,42700.0,0,Y
,보쉬 컷쇼날 S-1130CF@225*22*1.6,,,30917.0,31000.0,0,Y
,사랑12호,,,11500.0,0.0,0,Y
,"악티록스디스크@5""*#36",,,0.0,0.0,0,Y
,레즈본 플랩디스크 #120,,,0.0,900.0,0,Y
,보쉬7XSDS드릴(EXPERT)14*200*265(+),,,0.0,0.0,0,Y
,볼케이노 절단석@소프트타입 5인치,,,600.0,600.0,0,Y
,보쉬 SDS드릴 7X @14*100*165(+),,,8941.0,10000.0,0,Y
,티롤릿 파트너 절단석 @ 14인치 * 355*4*23,,,0.0,0.0,0,Y
,"악티록스 디스크 AF799 #60 4""*16MM50장곽",,,1150.0,0.0,0,Y
,태양파워(+)육각함마@17.5*505mm,,,0.0,0.0,0,Y
,태양파워(+)육각함마드릴@25*280mm,,,0.0,0.0,0,Y
,보쉬 SDS드릴 7X @17*250*315(+),,,0.0,0.0,0,Y
,보쉬 SDS드릴 7X @25*400*450(+),,,0.0,0.0,0,Y
,"에이스 절단석 @ 9""",,,0.0,0.0,0,Y
,스티커1@몰드,,,200200.0,0.0,0,Y
,Z세라믹 절단석 @ 5인치,,,6453.0,1500.0,0,Y
,스티커2@몰드,,,200200.0,0.0,0,Y
,아웃케이스@몰드,,,200200.0,0.0,0,Y
,인너케이스@몰드,,,200200.0,0.0,0,Y
,백마절단석 @ 5인치,,,530.0,900.0,0,Y
,차액 환불,,,0.0,0.0,0,Y
,"TU-FLEX 옵셋 #60 @ 4""*3T*16MM",,,0.0,0.0,0,Y
,EMK 연마석 @ 5인치 *6T,,,700.0,900.0,0,Y
,EMK 연마석 @ 5인치 *3T,,,0.0,900.0,0,Y
,티롤릿 one절단석 @ 4인치*1.0t,,,450.0,0.0,0,Y
,티롤릿 one절단석 @ 5인치*1.0t,,,540.0,0.0,0,Y
,윤활방청제 W-100 360ML,,,3000.0,0.0,0,Y
,"에이스 옵셑 @ 5""*3t",,,1100.0,1250.0,0,Y
,백마절단석 @4인치 105*16,,,430.0,700.0,0,Y
,SAM 14인치 절단석 @ 355*3.0*25.4,,,1800.0,2400.0,0,Y
,디월트 충전임팩@DCF845P2T-KR(20V,,,0.0,0.0,0,Y
,"페어드 옵셑 4""*6T(160장)",,,600.0,0.0,0,Y
,"페어드 옵셑 4""*3T#36(250장)",,,700.0,0.0,0,Y
,조정료,,,0.0,500000.0,0,Y
,오아시스절단석 @ 4인치,,,305.0,0.0,0,Y
,오아시스절단석 @ 5인치,,,380.0,700.0,0,Y
,오아시스절단석 @ 7인치,,,740.0,1000.0,0,Y
,Z세라믹 절단석 @ 4인치,,,13323.0,0.0,0,Y
,"3M 절단석 47041(큐3) @ 4""*1.0t*15.88mm",,,2400.0,0.0,0,Y
,"TU-PLUS 102501 @ 5""*16MM",,,1100.0,0.0,0,Y
,"악티록스디스크@5""*#60",,,0.0,0.0,0,Y
,터보 프리미엄절단석 @5인치,,,316.0,1000.0,0,Y
,터보Primium소프트절단석@5인치,,,351.0,0.0,0,Y
,블랙 초박형 5인치절단석 125*0.6T,,,1100.0,0.0,0,Y
,"TU-PLUS 101401 @ 4""*16MM",,,0.0,0.0,0,Y
,"알파연마디스크샌더빼빠@5""-6H#80",,,110.0,0.0,0,Y
,"알파연마디스크샌더빼빠@5""-6H#120",,,100.0,0.0,0,Y
,"알파연마디스크샌더빼빠@5""-6H#180",,,100.0,0.0,0,Y
,"알파연마디스크샌더빼빠@5""-6H#220",,,100.0,0.0,0,Y
,SAM 16인치 절단석 @ 405*3.5*25.4,,,0.0,0.0,0,Y
